policy_number,policy_bind_date,policy_state,policy_csl,policy_deductable,policy_annual_premium,umbrella_limit,car_id,customer_id
100804,2/24/2017,IL,100/300,1000,1459.96,6000000,124159,118486
101421,10/19/2016,IL,250/500,1000,1022.46,0,124368,111094
104594,12/22/2015,NC,250/500,1000,1351.1,0,123482,161389
106186,2/12/2016,IL,500/1000,1000,1389.86,0,124085,117079
106873,8/28/2015,WV,500/1000,1000,894.4,0,123827,117429
107181,11/14/2016,WV,250/500,500,942.51,0,123933,115091
108270,9/8/2016,OH,100/300,500,1446.98,0,124173,106852
108844,1/16/2017,SC,100/300,2000,1081.08,0,123523,149587
109392,3/29/2016,OH,100/300,1000,1280.88,0,124498,128923
110084,11/27/2014,IL,250/500,1000,1358.03,0,124098,122154
110122,2/4/2016,IN,250/500,2000,1206.26,0,124448,123673
110143,7/5/2014,OH,100/300,2000,1609.11,0,124132,123281
110408,12/4/2016,IN,100/300,1000,1028.44,0,124025,145863
111874,5/7/2014,IL,500/1000,1000,1464.42,0,124138,162901
113464,4/19/2016,IN,500/1000,2000,1005.47,0,124060,128146
113516,10/13/2014,IL,500/1000,500,1192.27,0,124076,127012
114839,10/22/2016,NY,250/500,500,1198.34,4000000,123709,140963
115399,8/2/2015,WV,100/300,2000,1268.79,0,123501,169194
116645,1/2/2018,OH,100/300,2000,1255.62,0,124041,160395
116700,2/2/2015,NC,100/300,1000,1425.54,0,123554,104269
116735,1/28/2017,SC,250/500,500,1191.5,0,124002,125374
117862,7/14/2014,OH,500/1000,2000,979.26,0,124419,112977
118137,10/2/2015,WV,100/300,500,1238.65,0,123739,136924
118236,8/15/2014,OH,100/300,1000,1648.0,0,124425,154718
119513,5/4/2016,VA,100/300,1000,1384.51,0,123631,162138
120485,12/30/2015,WV,100/300,1000,1275.39,0,123638,122336
121439,2/8/2014,WV,500/1000,500,1257.83,7000000,123885,114300
125324,9/13/2017,WV,500/1000,2000,1712.68,0,123663,165603
125591,8/2/2018,IN,500/1000,1000,1412.06,5000000,124456,101539
127313,1/4/2016,SC,100/300,1000,1004.63,6000000,123773,111171
127754,6/6/2017,NY,250/500,2000,1136.83,4000000,123572,157000
129872,8/8/2017,NC,100/300,1000,1334.15,6000000,123514,147606
130156,9/24/2015,IL,250/500,2000,1277.12,0,124378,149461
130930,12/4/2016,NC,100/300,1000,1058.21,3000000,123722,163405
131478,12/25/2015,SC,500/1000,1000,1346.27,0,123917,144407
132871,5/7/2016,VA,100/300,500,947.75,0,123788,126221
132902,12/16/2016,SC,250/500,2000,1641.73,5000000,123543,164147
133889,4/26/2017,OH,250/500,2000,1441.6,5000000,124472,109939
134430,3/18/2017,PA,250/500,2000,1488.02,0,123670,142636
135400,3/23/2017,IN,500/1000,500,989.97,0,124309,128531
136520,7/8/2017,IN,100/300,500,1450.98,0,124123,117058
137675,11/19/2016,WV,100/300,2000,1836.02,0,123948,112571
139484,7/24/2016,WV,500/1000,2000,1142.62,7000000,123644,130001
139872,8/10/2017,NY,250/500,1000,1220.71,0,123625,142902
140880,3/17/2017,WV,250/500,500,1448.84,0,123651,134656
140977,8/4/2016,IN,100/300,1000,1310.71,0,124297,168984
143038,7/11/2016,OH,500/1000,500,795.31,0,124374,140774
143109,9/7/2015,OH,250/500,500,1453.95,0,124248,124926
143626,9/29/2016,OH,250/500,2000,1124.38,0,123595,154739
143924,10/12/2017,OH,100/300,1000,1141.1,0,124100,119445
143972,2/8/2016,SC,500/1000,2000,1475.73,0,123497,101343
144323,9/14/2015,VA,500/1000,500,885.08,0,123661,134971
146138,1/3/2016,NY,250/500,2000,1025.54,0,123736,147851
148498,4/1/2016,IN,250/500,2000,1112.04,6000000,124447,105634
149367,3/18/2017,SC,100/300,500,1298.91,6000000,123592,160514
149467,9/20/2016,WV,500/1000,1000,1601.47,0,123955,103247
149601,3/28/2017,IN,500/1000,500,1232.57,0,124325,158708
149839,9/21/2014,OH,100/300,1000,1457.65,5000000,124439,154410
150181,7/4/2016,WV,500/1000,2000,927.23,0,123862,101910
153027,11/3/2017,IN,250/500,500,1667.83,0,124189,119907
153154,8/21/2017,NY,500/1000,1000,1338.55,0,123802,111178
153298,3/23/2016,OH,100/300,500,990.11,0,124219,154935
154280,1/29/2017,SC,250/500,1000,1447.78,0,123655,125395
154982,2/13/2015,OH,500/1000,2000,1374.22,0,123598,146941
155604,3/3/2016,OH,500/1000,500,1185.44,0,124417,142888
155724,2/20/2015,WV,250/500,500,1394.43,0,123604,155040
155912,3/21/2015,OH,100/300,1000,1520.78,0,124131,122133
156636,10/9/2014,SC,100/300,1000,870.55,0,123986,163552
156694,5/24/2015,SC,500/1000,500,1238.89,0,123833,112326
159243,9/19/2015,IL,250/500,2000,1681.01,0,124209,136280
159536,4/2/2018,IL,100/300,2000,1101.85,0,124415,148201
159768,3/9/2015,WV,250/500,500,1259.02,0,123822,130092
162004,6/27/2017,WV,250/500,500,903.32,0,123807,157784
163161,11/11/2015,SC,500/1000,2000,1338.5,0,123589,145436
164464,9/26/2017,OH,250/500,500,1294.41,0,124398,122693
164988,3/7/2017,IL,100/300,2000,1290.74,5000000,124020,143490
165485,12/2/2015,NY,500/1000,2000,1320.75,0,123627,167850
165565,2/20/2016,SC,250/500,2000,1628.0,0,123908,134061
166264,12/1/2017,NY,500/1000,1000,1038.09,0,123556,114104
167231,1/26/2018,NY,100/300,2000,1472.77,0,123976,135034
167466,3/17/2017,OH,100/300,1000,1255.35,0,124372,120474
168151,1/4/2017,NY,500/1000,2000,1281.25,0,123744,136406
168260,1/3/2015,OH,250/500,1000,1168.8,0,124007,144652
171147,8/29/2017,NY,100/300,2000,714.03,0,123952,127488
171183,1/2/2014,IN,100/300,500,671.92,0,124097,160815
171254,7/11/2018,NY,100/300,2000,1512.58,0,123684,127369
172307,6/12/2017,VA,100/300,2000,1276.43,0,123925,133627
174701,2/21/2017,NY,500/1000,500,1314.6,0,123703,103891
175177,1/20/2017,NY,100/300,1000,1405.99,0,123553,118948
175553,4/25/2016,OH,500/1000,500,1588.26,0,124409,121251
175960,3/17/2016,IN,100/300,1000,1023.11,0,124365,118976
178081,7/20/2014,IN,250/500,1000,976.37,0,124242,121888
179538,8/19/2016,IN,250/500,2000,1124.43,0,124277,117317
180008,1/15/2017,IL,250/500,1000,1387.35,0,124389,168956
180286,8/2/2016,IL,500/1000,1000,1422.78,0,124239,139885
180720,12/2/2016,SC,250/500,1000,1115.27,0,123930,111164
182450,6/23/2014,OH,500/1000,2000,1422.95,0,124166,115994
182953,4/30/2018,IN,100/300,500,944.03,0,124493,168354
183430,6/25/2016,WV,250/500,1000,1187.96,4000000,123498,139619
184938,5/22/2016,SC,250/500,1000,1340.56,0,123733,168753
185124,7/12/2015,IL,100/300,1000,936.19,0,124273,131338
186934,2/23/2017,IL,100/300,1000,1436.79,0,124503,158946
187775,12/21/2016,NC,100/300,500,1297.75,4000000,123734,126613
190588,9/12/2015,OH,100/300,1000,796.35,0,124017,167584
191891,1/17/2017,OH,100/300,1000,830.31,0,124114,141082
192524,10/4/2016,IL,100/300,2000,1133.85,0,124282,164672
193213,7/6/2016,OH,100/300,1000,1250.08,5000000,124454,139710
193442,3/30/2017,VA,100/300,1000,1474.17,0,123582,108329
200152,9/3/2017,WV,100/300,1000,988.45,0,123515,127208
200827,11/15/2016,WV,500/1000,500,1097.57,0,123849,157245
203250,4/22/2017,SC,100/300,2000,1331.69,0,123984,106964
203914,9/6/2015,WV,100/300,1000,1000.06,0,123633,141544
204294,11/16/2015,VA,500/1000,1000,1342.72,0,123878,129462
205134,2/12/2017,IN,500/1000,500,1220.86,0,124174,139731
206004,9/26/2015,IL,250/500,1000,1281.25,0,124188,155271
206213,12/23/2016,WV,100/300,500,1451.62,0,123519,140088
206667,5/5/2017,VA,250/500,1000,974.16,6000000,123865,115504
208298,3/11/2014,NC,250/500,1000,773.99,0,123731,102848
209177,11/17/2016,IN,500/1000,500,1448.54,0,124089,110380
211578,10/31/2015,IL,500/1000,1000,1236.32,5000000,124334,145401
212580,5/20/2017,SC,500/1000,1000,1594.45,0,123679,149160
212674,1/9/2016,SC,250/500,500,1050.76,0,123740,120161
214618,5/29/2016,PA,100/300,2000,1137.16,0,123488,156909
215278,11/17/2016,IN,100/300,500,722.66,0,124499,162481
215534,4/6/2018,IL,250/500,1000,1437.53,0,124005,139955
216738,3/18/2016,SC,250/500,1000,1185.78,0,123858,105256
217899,2/24/2018,IL,500/1000,1000,1389.59,0,124201,121958
217938,5/19/2016,SC,250/500,500,847.03,0,123632,153339
218109,1/6/2017,WV,500/1000,500,1161.31,0,123872,106565
218456,7/16/2016,NY,500/1000,1000,1575.74,7000000,123965,153549
218684,10/26/2015,NY,500/1000,2000,1048.46,0,123696,109638
219028,7/18/2015,OH,100/300,1000,1311.3,0,124377,121034
221186,8/27/2016,OH,100/300,1000,1517.54,0,124411,100839
221283,2/20/2018,OH,500/1000,500,914.85,0,124223,108294
221854,11/3/2017,OH,250/500,2000,1181.64,0,124478,127509
223404,1/23/2016,IL,250/500,500,895.14,0,124155,117247
225865,4/11/2015,NY,250/500,1000,1252.08,0,123814,163755
226330,1/23/2018,SC,100/300,2000,1057.77,0,123669,117457
226725,11/8/2016,WV,500/1000,2000,1304.67,7000000,123750,118731
227244,8/9/2016,IN,500/1000,2000,1066.7,0,124457,152121
227811,5/25/2014,WV,250/500,2000,1415.74,6000000,123480,115812
228403,12/15/2015,IN,100/300,1000,1435.09,0,124088,155992
230223,6/9/2015,IL,500/1000,500,1969.63,0,124249,159345
231127,12/7/2016,NY,500/1000,500,1173.37,8000000,123995,152702
231508,9/16/2016,IL,100/300,500,1367.99,0,124400,157763
231548,7/9/2016,IL,100/300,2000,1263.48,4000000,124451,156685
232854,5/30/2017,IL,100/300,2000,1304.83,0,124006,150161
235097,4/28/2016,IL,100/300,1000,1119.23,0,124237,103793
235220,7/10/2016,OH,250/500,2000,1352.83,0,123578,105074
235869,1/22/2016,SC,250/500,500,1239.55,2000000,123795,156097
237418,7/22/2016,NC,500/1000,1000,1337.92,0,123648,155516
238196,2/15/2017,IL,250/500,500,1203.81,0,124184,133711
238412,5/18/2017,WV,500/1000,2000,1294.93,6000000,123962,100314
241562,1/28/2017,VA,250/500,1000,2047.59,0,123715,134782
243226,10/1/2017,IL,250/500,1000,1232.72,0,124009,106943
246435,5/7/2015,IL,250/500,2000,1800.76,0,124010,134348
246705,3/14/2014,OH,250/500,500,1270.02,0,124018,166163
246882,9/20/2016,PA,100/300,1000,969.5,0,123580,116701
247116,2/6/2017,SC,250/500,2000,1153.35,0,123685,150574
247505,2/9/2017,IL,100/300,500,1358.2,0,124271,154403
247801,3/18/2015,SC,250/500,500,1340.71,0,123951,120859
248467,6/10/2017,NY,250/500,2000,1171.75,0,123945,136539
249048,7/31/2017,SC,250/500,1000,1254.18,0,123660,135972
250162,5/7/2016,IL,250/500,500,878.19,0,124256,109176
250249,11/28/2015,IN,100/300,500,1392.39,5000000,124062,127131
250833,7/28/2015,IN,250/500,2000,1347.31,0,124311,159457
253005,11/20/2015,NC,250/500,2000,1190.6,0,123899,131128
253085,4/25/2015,SC,500/1000,1000,1575.86,0,123929,138296
253791,7/23/2016,NY,500/1000,500,1625.45,4000000,123603,125318
254837,4/3/2018,IN,100/300,500,1055.6,0,124321,143798
258265,2/20/2018,IL,100/300,1000,1073.83,0,124387,125423
259792,7/4/2016,IL,100/300,1000,1232.79,0,124272,102456
260845,11/11/2015,NY,100/300,2000,1055.53,0,123550,114489
261119,3/14/2017,NY,500/1000,2000,932.14,0,123723,127432
261315,3/21/2017,NY,100/300,2000,1312.75,0,123799,132682
261905,5/19/2016,IL,500/1000,500,1312.22,9000000,124153,108504
263108,5/29/2017,OH,250/500,1000,1576.41,0,124151,126361
263159,7/3/2015,SC,100/300,500,1402.78,5000000,123941,120880
264221,6/16/2017,IL,500/1000,1000,1243.68,0,124348,110527
265026,6/20/2016,NY,100/300,500,922.67,0,123851,165974
265093,10/7/2016,OH,500/1000,1000,1070.63,0,124000,167150
265437,11/10/2017,IL,250/500,1000,1319.81,0,124278,118423
266247,9/23/2016,IN,100/300,2000,1482.53,0,124279,149181
267808,10/9/2015,VA,500/1000,2000,916.13,0,124001,105284
267885,3/9/2018,WV,500/1000,2000,1212.0,0,123711,133753
268833,9/18/2016,NC,100/300,1000,1338.4,4000000,123918,160983
270208,7/7/2016,OH,100/300,2000,1546.01,0,124104,101707
272330,11/29/2016,IN,250/500,500,1616.65,7000000,124299,134712
272910,12/8/2016,IN,250/500,500,1594.37,0,124401,135391
275092,3/14/2017,NY,500/1000,500,1416.24,0,123786,106103
275265,8/13/2015,NC,500/1000,500,708.64,6000000,123495,117415
276804,11/27/2016,IL,100/300,500,995.7,5000000,124093,103646
277767,6/28/2017,VA,100/300,500,1080.13,0,123755,164826
278091,1/9/2018,NC,100/300,2000,1327.41,0,123801,106663
279422,4/11/2017,VA,500/1000,500,976.67,0,123559,154508
280709,6/5/2015,SC,500/1000,2000,1608.34,0,123724,157812
281388,7/16/2015,IL,500/1000,1000,763.67,0,124449,111423
282195,11/19/2015,NC,250/500,1000,1393.57,0,123533,146780
283052,8/28/2016,IL,100/300,1000,1555.94,0,124026,112340
283267,7/29/2017,OH,100/300,2000,1090.32,0,124207,119032
283414,12/28/2015,NY,500/1000,2000,1207.36,0,123588,163055
283925,11/21/2015,NY,250/500,1000,1629.94,0,123747,100650
284143,4/23/2015,SC,500/1000,2000,1344.56,6000000,123987,109820
284834,3/8/2016,OH,500/1000,1000,1664.66,0,124102,154711
284836,5/11/2015,IN,250/500,500,1484.72,5000000,124183,160150
285496,11/23/2017,SC,100/300,2000,972.18,0,123500,146703
287436,11/14/2016,OH,100/300,1000,1484.48,0,124186,111297
287489,3/2/2018,NY,100/300,1000,949.44,0,123919,114622
288580,11/22/2017,SC,250/500,2000,1079.92,0,123654,134775
290162,7/11/2017,IN,100/300,1000,1677.26,0,124082,154956
290971,3/16/2017,OH,100/300,500,1698.51,0,124238,159884
291006,5/16/2014,IN,100/300,500,951.56,0,124480,133648
291544,10/18/2016,OH,500/1000,500,1319.97,0,124404,128370
291902,2/17/2018,IL,500/1000,1000,1115.81,0,124438,167094
293794,4/17/2016,NC,250/500,2000,1440.68,0,123673,154816
296960,10/26/2016,NY,250/500,500,1362.87,5000000,123910,115364
297816,12/27/2016,NY,100/300,2000,1400.74,0,123790,160745
298412,6/5/2016,OH,100/300,500,1172.82,4000000,124152,100566
299796,9/29/2016,NY,250/500,500,1344.36,7000000,123640,169901
302669,8/20/2016,SC,100/300,1000,1523.17,0,123904,111689
303987,9/30/2017,SC,500/1000,1000,1168.2,0,123540,134614
305758,8/3/2016,IL,100/300,500,1035.99,0,124402,113852
307195,3/11/2017,WV,500/1000,1000,1414.74,0,123536,110457
307447,3/17/2014,SC,100/300,500,1515.3,0,123575,140004
307469,7/28/2016,IL,100/300,1000,968.46,0,124145,155425
309323,2/28/2016,OH,500/1000,500,1060.88,0,124179,133725
311783,11/18/2016,OH,100/300,500,1233.85,0,124086,144393
312940,10/27/2015,NC,500/1000,1000,1056.71,0,123934,144932
315041,2/11/2017,OH,100/300,2000,998.19,0,124206,108098
315631,9/4/2016,IN,500/1000,2000,1231.98,0,124059,168081
319232,7/2/2016,WV,250/500,2000,1269.76,0,123600,163139
320251,1/24/2016,WV,100/300,2000,1132.74,0,123994,115651
322609,1/15/2017,OH,500/1000,1000,1230.69,0,124128,127705
322613,2/15/2016,IN,250/500,1000,1183.48,0,124313,111647
326180,5/25/2016,IL,100/300,2000,1304.46,0,124342,164056
326289,2/11/2016,OH,100/300,500,1048.39,0,124117,157651
326322,6/26/2016,SC,250/500,1000,433.33,0,123735,122637
327488,3/5/2017,OH,250/500,1000,919.37,0,124263,116239
327856,7/1/2017,PA,100/300,500,1008.38,0,123939,105760
328387,4/26/2017,IL,100/300,1000,1496.44,0,124047,117709
330119,1/11/2018,IL,500/1000,1000,1125.4,0,124397,141278
330506,1/1/2017,WV,250/500,1000,1422.36,0,123767,149958
330591,5/8/2017,NY,500/1000,2000,1103.58,0,123599,159982
331170,10/4/2015,IL,250/500,2000,1370.92,0,124304,132444
331595,11/29/2016,WV,100/300,1000,904.7,7000000,123839,135272
331683,12/2/2016,OH,100/300,2000,1578.54,0,124358,139017
332867,12/13/2017,WV,100/300,500,1362.87,0,123544,145583
332892,10/6/2016,SC,250/500,1000,1194.0,0,123775,163020
334749,3/5/2017,OH,100/300,2000,1422.21,0,124222,134208
335780,7/22/2016,NY,250/500,2000,1587.96,0,123649,104745
336047,4/21/2017,SC,250/500,500,1264.77,0,123737,134894
336614,1/8/2017,WV,500/1000,1000,1088.34,0,123511,114440
337158,8/4/2015,OH,250/500,2000,945.73,5000000,124057,120243
337677,7/20/2015,NC,100/300,2000,1437.33,0,123831,131954
338070,7/31/2016,IN,500/1000,1000,1037.32,0,124283,132857
340614,12/9/2016,SC,250/500,2000,1212.12,0,123846,114923
342830,9/11/2015,IL,500/1000,1000,1468.82,0,124407,158218
342868,3/17/2017,VA,250/500,2000,1197.22,5000000,123478,138688
343161,11/15/2016,WV,500/1000,1000,993.51,0,123541,107272
343421,3/5/2017,NY,500/1000,500,1480.79,9000000,123949,152142
344480,2/18/2014,OH,100/300,2000,1482.57,0,124362,158057
345539,7/24/2017,IN,100/300,1000,1559.34,0,124013,132521
346002,8/20/2014,NY,250/500,500,835.02,0,123546,106180
346940,9/13/2016,SC,500/1000,1000,1166.54,0,123646,144904
347984,10/21/2016,NY,100/300,2000,617.11,0,123870,151995
348209,2/22/2018,NY,500/1000,1000,1279.08,0,123548,110744
348814,9/24/2016,VA,500/1000,1000,1245.61,0,123892,161984
349658,1/13/2018,IN,100/300,500,1927.87,0,124038,146969
351741,2/16/2016,WV,500/1000,1000,1372.18,0,123805,164511
352120,5/9/2018,IN,250/500,500,1518.54,0,124328,135657
354105,8/25/2017,WV,250/500,2000,1238.62,6000000,123626,120887
354455,6/7/2017,IN,250/500,1000,1416.08,0,124459,101245
354481,4/9/2016,NC,100/300,1000,1342.02,0,123852,144267
355085,9/10/2017,WV,500/1000,500,1021.9,0,123913,132934
356590,8/17/2016,VA,250/500,500,1239.22,7000000,123545,110366
356768,11/3/2017,WV,100/300,500,1006.77,6000000,123766,100720
357394,9/5/2015,IL,250/500,2000,785.82,0,124335,124968
357713,11/12/2016,NY,500/1000,1000,1141.71,2000000,123880,115987
357808,1/31/2016,IN,500/1000,500,1114.68,0,124195,139199
357949,7/24/2016,NC,500/1000,500,854.58,0,123991,127670
360770,12/10/2015,WV,100/300,500,1285.03,3000000,123842,117240
361829,3/14/2016,OH,500/1000,2000,1021.14,0,124068,137050
362407,11/17/2016,IN,100/300,500,1264.99,0,124275,132423
362843,12/5/2015,OH,250/500,2000,1111.17,0,124308,144526
364055,5/14/2015,IN,500/1000,500,1488.26,0,124359,141817
365364,12/28/2016,WV,500/1000,1000,978.46,0,123708,127691
367455,12/19/2016,NY,500/1000,1000,1583.91,6000000,123481,114412
367595,11/11/2016,SC,500/1000,500,1307.74,0,123762,156986
368050,10/3/2017,SC,500/1000,2000,1167.3,4000000,123602,106992
369048,5/6/2016,NC,500/1000,500,1527.95,0,123859,156433
369226,10/2/2016,OH,250/500,500,1300.68,0,124227,112809
369781,5/25/2016,IL,250/500,2000,1166.62,6000000,124354,168837
369941,2/20/2016,OH,100/300,500,1330.39,0,124214,152485
371635,10/13/2015,SC,500/1000,1000,1086.48,6000000,123797,123666
372891,6/26/2014,IN,250/500,2000,1009.37,0,124033,112102
372912,5/8/2016,NY,100/300,1000,1437.88,0,123942,140200
373600,1/12/2014,VA,100/300,1000,1217.84,5000000,123959,157035
373731,12/24/2017,NY,100/300,1000,1226.78,0,123974,105312
373935,2/13/2017,NY,500/1000,500,1335.13,0,123936,140081
374545,2/7/2016,IN,250/500,500,664.86,0,124235,122392
376879,11/7/2015,IL,100/300,1000,1406.52,8000000,124380,116729
378587,12/16/2015,OH,250/500,2000,1107.59,3000000,124422,166611
378588,7/10/2016,OH,500/1000,500,1757.87,0,124073,132570
379268,5/8/2017,IN,250/500,500,1209.63,0,124307,127285
379882,7/11/2017,IL,250/500,500,1275.62,0,124031,147627
380067,2/14/2018,NY,500/1000,1000,1243.84,0,123840,140928
382394,9/17/2016,OH,100/300,2000,1170.53,0,124028,140585
384618,9/2/2017,SC,250/500,500,1090.65,0,123781,123470
385932,4/28/2016,IL,100/300,500,1268.35,0,124049,145226
386429,5/27/2016,IL,250/500,500,1381.88,5000000,124172,153129
386690,11/16/2015,NY,100/300,1000,1050.24,0,123855,129567
388616,9/24/2016,OH,250/500,2000,1391.63,0,124405,160472
388671,10/12/2016,NC,250/500,2000,1554.86,6000000,123863,105809
389238,6/6/2015,WV,250/500,500,1497.35,0,123583,135860
389525,10/7/2017,OH,500/1000,500,1467.76,0,124276,122826
390256,11/25/2016,IN,500/1000,1000,1200.33,4000000,124470,148950
390381,6/10/2016,VA,500/1000,2000,965.21,0,123728,113558
391003,9/20/2016,SC,500/1000,500,889.13,0,123812,114552
391652,12/10/2015,SC,100/300,500,1382.88,7000000,123666,113166
394975,2/6/2016,WV,100/300,1000,1530.52,0,123531,119004
395269,2/11/2017,SC,500/1000,500,1222.75,0,123593,157749
395572,3/30/2016,NC,250/500,500,1401.2,0,123752,130736
395983,8/11/2016,NY,100/300,500,1355.08,0,123630,156601
396002,7/8/2017,IN,250/500,1000,1588.22,0,124064,130519
396224,8/9/2016,SC,100/300,500,1455.65,4000000,123896,134362
396590,2/24/2017,NC,100/300,2000,1567.37,0,123961,163419
398102,8/30/2016,SC,500/1000,2000,1097.71,0,123664,122259
398484,7/11/2016,IL,250/500,2000,1177.57,0,124430,145310
398683,8/26/2016,IN,250/500,500,1607.36,0,124246,111395
399524,8/4/2017,NY,100/300,1000,1829.63,0,123838,110499
403737,6/12/2015,NY,500/1000,2000,1447.77,0,123806,168116
403776,4/27/2017,IN,100/300,2000,1317.97,0,124063,117212
405533,10/12/2015,NC,100/300,1000,1083.72,0,123716,126158
406567,9/25/2015,OH,100/300,500,1399.27,6000000,123824,104472
407958,7/20/2015,IL,250/500,500,1063.67,0,124105,138898
409074,3/19/2016,OH,500/1000,500,1295.87,0,124134,113481
411289,2/13/2017,SC,250/500,2000,1082.72,0,123886,107503
411477,12/25/2015,NY,100/300,500,793.15,0,123932,132962
412703,5/3/2016,NY,100/300,2000,1260.32,6000000,123868,134313
413192,9/11/2016,WV,500/1000,2000,1453.92,0,123950,160059
413978,4/6/2014,SC,250/500,1000,1333.35,0,123483,118983
414519,1/25/2016,NC,250/500,1000,1554.64,4000000,123819,146136
414779,9/11/2016,NY,100/300,2000,1588.55,0,123608,163979
414913,7/17/2017,SC,250/500,500,1379.93,0,123818,113887
419510,9/29/2014,NY,100/300,1000,1372.27,0,123636,129924
419954,7/12/2017,NY,100/300,500,806.31,0,123785,167913
420810,10/19/2017,VA,100/300,1000,1276.57,0,123534,128867
420815,11/15/2014,IL,100/300,2000,1124.47,0,124252,158386
420948,8/9/2016,IL,100/300,500,1272.46,0,124423,109512
421092,4/3/2017,OH,100/300,1000,1221.17,0,124037,152170
421940,1/25/2016,PA,100/300,1000,1384.64,5000000,123834,146710
424358,5/24/2017,VA,500/1000,500,1282.93,0,123916,140634
424862,10/16/2016,WV,100/300,500,1411.3,0,123764,131450
425631,2/21/2016,IL,250/500,500,1163.83,0,124077,128727
425973,2/11/2017,NY,250/500,500,1229.16,4000000,123656,168935
426708,9/10/2016,SC,250/500,500,1155.53,5000000,123791,132661
427199,1/10/2017,NY,250/500,2000,1247.87,0,123798,143308
427484,1/22/2018,NC,250/500,2000,1620.89,0,123695,157945
428230,4/6/2017,NY,500/1000,500,1399.26,0,123609,155334
429027,3/2/2014,VA,100/300,1000,1137.03,0,123484,105893
430029,8/26/2016,PA,250/500,1000,1454.43,0,123524,109484
430794,1/25/2015,NC,250/500,2000,1486.04,0,123985,126529
431283,6/27/2015,NC,100/300,2000,1376.16,0,123953,135279
431478,3/4/2018,IN,250/500,1000,1556.17,0,124181,112564
431583,5/15/2014,IL,500/1000,2000,1124.69,0,124130,121664
431876,3/29/2015,WV,500/1000,2000,875.15,0,123499,118255
432068,3/16/2017,VA,100/300,500,1111.72,0,123927,141215
432740,9/10/2014,IL,100/300,2000,1081.17,0,124110,115847
433663,10/21/2016,IN,500/1000,2000,1356.64,0,124461,112109
434507,6/2/2016,NY,250/500,1000,1281.27,0,123620,152380
435784,7/19/2014,WV,250/500,1000,1573.93,0,123847,162775
436126,3/11/2016,SC,250/500,500,1451.54,3000000,123693,100153
437442,6/27/2015,IL,100/300,1000,959.83,0,124162,105144
437573,3/23/2015,WV,250/500,2000,1624.82,0,123617,110772
437960,3/4/2015,IN,250/500,1000,1074.99,0,124466,165841
438817,1/13/2017,NC,500/1000,1000,986.53,0,123672,148796
439049,12/12/2016,IN,100/300,1000,1022.42,0,124071,126004
439341,7/20/2015,IN,100/300,1000,1140.91,0,124410,151078
439660,11/7/2016,WV,100/300,1000,845.16,0,123923,143259
439828,12/30/2016,NC,500/1000,2000,1257.0,4000000,123906,123463
439844,8/17/2015,IL,250/500,500,1543.68,0,124139,162978
440616,6/3/2016,IL,500/1000,2000,1017.97,0,124288,113509
442494,6/6/2016,IN,500/1000,500,1780.67,0,124208,140410
442677,11/22/2015,WV,250/500,500,1451.01,0,123707,134677
442795,1/11/2017,WV,500/1000,500,1054.83,7000000,123668,117933
444035,11/1/2016,OH,250/500,1000,1524.45,4000000,124180,102337
444422,9/28/2016,SC,250/500,2000,782.23,0,123778,135720
445195,2/4/2017,IN,100/300,500,1261.28,0,124258,126809
445289,4/24/2017,SC,250/500,500,1237.88,0,123989,127418
445694,5/24/2018,IL,250/500,1000,1193.45,0,124004,157686
445973,11/13/2015,OH,250/500,1000,988.29,0,123832,132500
447226,10/2/2017,OH,500/1000,500,1122.95,4000000,124215,141586
448642,3/28/2015,NY,500/1000,1000,1248.25,4000000,123776,153787
448961,1/12/2017,SC,500/1000,500,1475.93,0,123521,159695
449263,3/20/2016,IL,250/500,500,1479.48,0,124432,108063
454086,10/11/2016,WV,500/1000,1000,1152.4,0,123643,138520
454758,5/20/2014,IN,100/300,1000,1142.48,0,124395,131422
456604,3/29/2018,NY,500/1000,2000,968.74,0,123624,126774
457188,3/23/2015,IL,250/500,1000,1340.24,0,124424,118570
457244,1/28/2015,WV,500/1000,2000,736.07,6000000,123864,136133
458829,1/11/2017,IN,500/1000,1000,1294.04,0,124204,108455
461962,12/9/2017,WV,100/300,500,914.22,0,123954,115791
463237,9/2/2014,IN,100/300,2000,1306.0,0,124289,130022
463513,2/24/2016,IL,250/500,500,1390.89,5000000,124140,160444
463727,5/8/2016,WV,250/500,500,1075.71,0,123889,113747
464234,7/18/2015,IL,500/1000,1000,1252.48,0,124081,115602
465065,3/22/2016,IN,250/500,1000,1274.7,5000000,124213,123925
467106,7/13/2015,SC,100/300,2000,1209.41,5000000,123879,165316
467841,3/29/2014,IN,500/1000,500,1074.07,0,124376,100965
469426,7/15/2014,OH,250/500,1000,1497.41,0,124190,128902
469874,9/17/2016,NY,250/500,1000,1139.0,6000000,123611,132976
469966,8/25/2017,IN,500/1000,500,1366.6,0,124126,106033
471938,3/2/2015,IL,100/300,2000,1387.7,4000000,124462,144064
473338,2/20/2017,IN,100/300,1000,1555.52,0,124121,162635
475588,3/15/2017,SC,100/300,2000,1134.08,0,123748,155852
476839,9/8/2014,IL,250/500,1000,1726.91,0,124324,154361
476923,5/31/2015,SC,100/300,2000,1219.04,0,123719,145352
477177,8/15/2014,VA,100/300,1000,1226.49,0,123657,122756
480094,9/3/2017,IN,500/1000,1000,1189.98,4000000,124150,120362
482404,6/18/2016,IN,500/1000,2000,1550.53,0,124303,135699
482495,1/29/2015,IL,500/1000,500,1592.41,0,124260,107293
483088,6/1/2016,OH,250/500,2000,1295.63,4000000,124158,161396
484200,6/1/2015,NY,250/500,2000,1340.43,0,123560,113817
484321,8/21/2016,PA,250/500,1000,1152.12,0,123963,146829
485295,10/16/2015,OH,250/500,1000,1260.56,0,124067,133235
485372,11/21/2015,VA,250/500,2000,870.63,0,123538,103730
485642,8/25/2014,OH,250/500,1000,1276.73,5000000,124095,148698
485664,11/25/2016,SC,500/1000,2000,1155.55,0,123517,149734
485665,6/23/2016,WV,100/300,500,1442.99,0,123485,167164
485813,7/4/2017,IN,250/500,1000,1361.16,4000000,124316,122728
486676,8/15/2016,NC,100/300,500,1105.49,0,123549,110072
487356,8/30/2014,SC,500/1000,2000,1313.33,0,123821,153150
488037,6/5/2016,OH,250/500,1000,1173.25,0,124315,143077
488464,10/10/2016,OH,100/300,2000,1007.28,6000000,124149,157021
488597,8/5/2015,IL,100/300,1000,1343.0,0,124471,110408
488724,1/2/2018,IN,100/300,500,1463.95,0,124281,158876
489618,1/23/2017,IL,500/1000,1000,1524.45,0,124366,105347
490514,10/3/2017,IN,500/1000,2000,1101.83,0,124488,116407
490596,4/2/2016,IL,500/1000,500,1198.44,8000000,124427,140165
491170,1/14/2015,IN,500/1000,500,1412.76,0,124408,121608
491392,3/7/2016,SC,500/1000,1000,1362.29,0,123650,119137
491484,5/7/2015,NC,500/1000,1000,1143.95,0,123998,153500
492224,2/19/2016,NC,500/1000,2000,1175.7,0,123931,149797
492745,1/18/2018,VA,100/300,2000,1506.21,0,123721,106341
493161,1/30/2016,SC,250/500,1000,770.76,0,123992,102981
496067,6/2/2015,IL,250/500,500,1581.27,5000000,124187,123722
497347,8/23/2017,WV,500/1000,500,1187.53,0,123922,130477
497929,9/19/2016,OH,250/500,500,1733.56,0,124090,167738
498140,3/26/2016,SC,500/1000,2000,769.95,0,123565,152366
498759,5/6/2017,NY,100/300,1000,1326.98,6000000,123982,124450
498842,4/5/2014,OH,100/300,500,1205.86,0,124045,126522
498875,5/18/2017,SC,100/300,2000,1514.72,0,123566,101511
500384,10/22/2017,WV,250/500,2000,1241.04,0,123875,101434
500533,5/13/2018,SC,100/300,1000,1061.33,0,123547,155376
500639,7/7/2016,OH,500/1000,1000,1324.78,0,124327,148376
501692,12/21/2014,NY,100/300,1000,1134.68,0,123911,150707
502634,8/17/2015,OH,100/300,2000,1558.86,0,124072,100013
505014,12/27/2015,IL,100/300,500,1251.16,0,124022,160423
505316,6/30/2016,IN,100/300,2000,1221.14,0,124040,113971
505969,7/4/2015,SC,250/500,500,1722.95,0,123686,147375
506333,6/22/2014,NY,100/300,500,1396.83,0,123940,142958
507452,5/3/2016,OH,250/500,500,1124.59,6000000,124243,166884
507545,7/12/2015,IL,250/500,1000,1298.85,6000000,124094,119186
509489,11/12/2017,OH,100/300,1000,1744.64,3000000,124066,114727
509928,1/18/2016,WV,100/300,1000,1279.13,0,123700,100419
511621,9/22/2014,SC,250/500,500,1072.62,0,123718,134978
512813,1/27/2014,WV,100/300,2000,694.45,0,123765,120180
512894,2/10/2014,OH,250/500,2000,1153.54,6000000,124079,133641
513099,9/24/2015,NY,500/1000,1000,1532.47,0,123732,129441
514065,4/1/2016,PA,250/500,500,1363.77,4000000,123665,108987
514424,11/10/2016,VA,100/300,1000,1366.39,0,123860,151428
515050,11/16/2014,WV,100/300,500,990.98,0,123628,164259
515217,6/18/2017,WV,250/500,2000,1316.63,8000000,123803,130351
515457,3/16/2016,IN,250/500,1000,988.93,0,124484,163510
515698,12/6/2017,WV,250/500,2000,1097.64,0,123787,127719
516182,5/27/2016,OH,100/300,2000,719.52,0,124345,131149
516959,1/5/2017,IL,100/300,500,1508.12,6000000,124266,152002
517240,5/13/2015,SC,100/300,2000,1352.31,0,123610,118136
519312,10/28/2015,SC,500/1000,500,1848.81,0,123542,125969
520179,5/29/2016,OH,500/1000,2000,1471.44,5000000,124211,166436
521585,3/11/2016,PA,250/500,1000,1406.91,0,123477,152156
521592,1/3/2016,IL,100/300,500,1354.2,0,124320,149489
521694,1/8/2018,IL,100/300,2000,836.11,5000000,124122,107153
521854,2/16/2015,IN,250/500,1000,1096.39,0,124360,130785
522506,3/15/2016,NY,500/1000,2000,1399.85,0,123761,128139
524215,6/24/2014,OH,250/500,2000,951.27,0,124428,142587
524230,11/24/2015,NY,100/300,500,920.3,5000000,123671,122105
524836,11/20/2015,SC,250/500,500,1082.49,0,123535,115259
525224,2/10/2016,NC,250/500,1000,1306.78,0,123912,104976
525862,10/18/2014,OH,250/500,2000,1188.51,0,124487,165386
526039,9/11/2015,NY,100/300,500,1338.54,-1000000,123777,133431
526296,3/8/2017,IL,100/300,500,1045.12,0,124146,133249
527945,4/14/2016,WV,250/500,500,1307.11,0,123557,162733
528259,11/13/2016,IN,500/1000,2000,1389.13,7000000,124340,123218
528385,5/17/2016,IL,500/1000,500,1320.39,0,124087,105053
529112,8/1/2014,WV,100/300,500,1240.47,0,123525,161018
529398,6/16/2017,NC,100/300,1000,1515.18,6000000,123704,152632
531160,12/1/2017,IL,250/500,500,1006.99,6000000,124452,126865
531640,4/21/2015,VA,250/500,500,964.79,8000000,123601,155299
532330,9/22/2016,SC,250/500,500,1459.97,5000000,123738,140795
533940,11/18/2016,IL,500/1000,2000,1356.92,5000000,124505,131835
533941,6/18/2015,NC,250/500,2000,1618.65,2000000,123850,104220
534982,3/8/2017,IL,500/1000,2000,1526.11,5000000,124024,107216
535879,5/3/2016,IN,100/300,1000,1685.69,0,124442,105886
536052,3/15/2016,OH,250/500,2000,1218.56,0,124196,161466
537546,2/26/2018,VA,100/300,2000,1073.83,0,123530,156867
538466,1/18/2016,WV,100/300,1000,1191.8,6000000,123887,107755
538955,9/29/2015,IN,100/300,1000,1164.97,0,124008,152814
540152,1/27/2015,IL,100/300,500,1256.2,0,124048,125416
542245,11/25/2015,OH,500/1000,1000,1003.15,0,124078,162859
543610,5/26/2016,NY,100/300,500,1253.12,4000000,123487,137330
544225,3/8/2017,OH,100/300,500,1052.85,0,124468,140242
545506,3/20/2015,IN,100/300,500,1389.13,0,124351,155670
547744,8/7/2015,WV,100/300,2000,768.91,0,123691,166674
547802,5/9/2015,WV,250/500,1000,1518.46,0,123726,139486
550127,4/12/2016,IN,250/500,1000,1248.05,0,124496,113516
550294,11/26/2015,IL,500/1000,1000,1526.61,0,124046,127964
550930,11/6/2015,IL,500/1000,500,1500.04,6000000,124051,158064
552618,1/22/2017,SC,100/300,1000,969.88,6000000,123890,123274
552788,3/9/2015,WV,500/1000,1000,1313.64,0,123943,110576
553436,3/6/2015,IL,250/500,500,1236.5,0,124287,138380
553565,2/18/2016,SC,500/1000,2000,929.7,6000000,123837,126074
555374,4/13/2015,WV,100/300,1000,876.88,6000000,123997,139192
556080,4/6/2016,OH,250/500,1000,766.19,0,124506,142237
556270,5/6/2016,IN,500/1000,1000,1331.94,0,124485,143028
556415,8/22/2015,OH,100/300,2000,1108.97,0,124061,138779
556538,7/15/2014,IL,250/500,1000,1851.78,0,124391,109344
557218,4/16/2016,IL,500/1000,500,982.7,6000000,124455,121538
558938,2/13/2015,WV,500/1000,1000,1199.44,5000000,123494,117590
563837,12/30/2016,VA,100/300,1000,1609.67,0,123848,106810
563878,7/16/2016,SC,250/500,500,956.69,0,123828,114713
564654,1/18/2017,OH,100/300,1000,1004.14,0,124463,108581
565157,6/10/2016,SC,100/300,1000,1046.71,0,123634,150147
565564,8/3/2017,SC,100/300,1000,1538.26,6000000,123697,109869
566720,10/25/2017,SC,100/300,500,1195.01,0,123853,157014
569245,12/31/2015,IL,100/300,2000,1239.06,0,124329,114069
569714,7/18/2015,OH,500/1000,1000,1051.67,0,124388,130379
571462,11/2/2015,IN,500/1000,500,1285.42,0,124385,131597
573572,6/16/2015,IL,100/300,500,1429.96,0,124465,110905
574637,7/30/2016,NC,250/500,1000,1595.28,0,123958,145499
574707,8/24/2015,IN,250/500,2000,1155.97,0,124323,129833
575000,6/23/2017,VA,100/300,1000,1053.04,7000000,123637,128167
576723,7/12/2016,VA,250/500,500,1611.83,0,123811,119291
577810,4/15/2018,NC,250/500,2000,1589.54,0,123757,149713
577858,9/16/2014,OH,100/300,2000,1148.58,0,124141,145247
577992,11/13/2016,IN,250/500,500,915.41,5000000,124406,114643
582011,7/20/2017,VA,100/300,1000,1245.89,0,123528,158568
582480,7/8/2015,IL,500/1000,500,1187.01,7000000,124011,161781
582973,11/6/2015,NY,100/300,2000,765.64,0,123800,156314
583169,1/2/2015,VA,100/300,500,1085.03,0,123830,150861
584859,4/4/2016,NC,100/300,1000,1558.29,0,123512,134026
585324,2/25/2015,SC,500/1000,2000,1551.61,0,123981,108665
586104,3/16/2017,WV,250/500,2000,1219.27,0,123763,135405
586367,6/30/2014,NY,100/300,500,1011.92,0,123688,157252
587498,5/3/2017,IL,500/1000,500,1351.72,0,124199,113138
589094,5/27/2017,IN,250/500,1000,1353.53,0,124203,121468
589749,12/10/2016,SC,100/300,1000,1197.71,0,123641,134306
591269,9/1/2016,IN,100/300,500,1672.88,0,124495,114237
593390,9/26/2016,VA,100/300,2000,924.72,0,123701,154144
593466,9/27/2016,OH,500/1000,500,1064.49,5000000,124161,122245
594722,7/31/2016,WV,500/1000,2000,1102.29,0,123857,115938
594739,6/8/2016,WV,100/300,500,1342.8,0,123745,112774
594783,12/30/2016,IL,250/500,500,1299.18,0,124292,157084
594988,2/5/2016,IN,500/1000,500,984.02,0,124112,101966
596298,9/14/2016,VA,500/1000,500,1330.46,0,123898,158099
596785,8/5/2015,WV,500/1000,2000,1104.5,0,123507,106376
596914,5/1/2016,IN,250/500,500,1508.9,0,124337,154788
598124,9/20/2017,NY,500/1000,500,1301.72,0,123692,147277
598308,1/28/2016,IN,250/500,2000,1333.97,6000000,124444,121503
598554,2/14/2014,SC,100/300,500,795.23,0,123539,152030
599031,10/29/2015,IN,100/300,500,1558.29,0,124381,164938
599174,1/14/2015,IL,100/300,2000,1017.18,0,124036,148803
599262,9/25/2015,SC,100/300,1000,1525.86,0,123990,121818
600845,5/1/2017,VA,100/300,2000,1540.19,0,123727,158792
601042,6/24/2017,OH,250/500,500,1246.03,0,124460,141768
602410,10/23/2016,SC,250/500,2000,1463.07,0,123680,101476
602704,9/27/2016,OH,500/1000,1000,1189.04,0,124349,152807
603632,1/24/2014,OH,250/500,2000,1285.09,0,124069,118087
604614,10/25/2015,NY,100/300,2000,1362.64,5000000,123699,154907
605100,2/15/2015,IL,100/300,500,1042.25,0,124247,134278
606037,10/4/2016,OH,500/1000,2000,1441.06,0,124136,118339
607259,3/2/2016,OH,250/500,500,1390.72,0,124294,143119
607351,11/12/2015,IN,250/500,500,1616.26,0,124142,160045
607687,6/24/2017,OH,500/1000,2000,1270.21,0,124436,140543
607974,7/6/2014,IL,500/1000,500,1265.72,0,124212,139661
608039,5/15/2015,IL,100/300,500,1155.38,0,124255,120761
608443,6/16/2016,IL,500/1000,2000,1175.07,0,124418,147914
608513,7/18/2016,SC,100/300,500,848.07,3000000,123505,135545
613226,8/22/2015,WV,100/300,2000,1595.07,0,123835,124429
614763,2/1/2015,WV,500/1000,500,1612.43,0,123568,166191
615047,11/20/2016,WV,250/500,500,1386.93,0,123792,140844
615116,9/11/2015,IN,250/500,500,1194.83,0,124231,116204
616337,8/30/2017,SC,250/500,500,1737.66,0,123520,155558
618659,5/11/2016,OH,100/300,500,965.13,0,123614,130883
618682,4/3/2014,IN,500/1000,2000,1421.59,0,124050,100279
619589,10/12/2016,IL,100/300,1000,1383.13,0,124019,158407
620020,5/7/2016,NC,500/1000,1000,984.45,0,123905,129098
620075,4/21/2017,OH,250/500,500,1257.36,0,124343,106894
620215,12/30/2015,WV,250/500,500,823.17,0,123613,130890
620855,4/29/2014,VA,500/1000,2000,1123.89,0,123829,144113
621756,1/10/2018,IN,100/300,1000,1129.23,0,124230,111059
623032,8/14/2017,SC,500/1000,1000,1061.98,6000000,123825,112942
623648,2/13/2017,NC,250/500,2000,1470.06,0,123537,136476
626074,8/22/2016,NC,250/500,2000,1724.46,6000000,123871,143686
626208,5/10/2016,OH,100/300,1000,840.81,0,124205,101210
626808,10/26/2017,NC,100/300,1000,936.61,0,123491,121755
627486,4/25/2016,IN,500/1000,500,1010.77,0,124044,147039
627540,5/21/2017,NY,500/1000,1000,1489.24,6000000,123558,119697
628337,10/23/2017,NC,100/300,2000,1078.22,0,123957,159366
629663,1/21/2016,WV,500/1000,1000,1053.02,0,123713,169166
629918,5/9/2015,WV,100/300,2000,1278.75,0,123730,138303
630226,7/12/2015,VA,250/500,500,1411.43,0,123682,123750
630683,6/16/2017,OH,250/500,500,1078.65,0,124326,156335
630998,9/4/2017,NC,250/500,1000,1117.17,0,123902,116736
631565,1/5/2018,WV,100/300,2000,1161.91,0,123901,114636
632627,7/10/2014,SC,500/1000,1000,1125.37,0,123587,169397
633090,2/17/2016,IL,100/300,1000,1631.1,0,124080,168494
633375,9/17/2017,IL,250/500,500,1083.64,0,124390,167507
634499,8/26/2014,IL,250/500,1000,999.43,0,124322,142839
636550,7/25/2016,WV,100/300,500,1315.68,0,123486,143336
636843,1/12/2015,OH,100/300,1000,1097.99,0,124137,153976
638155,3/8/2018,IL,250/500,1000,979.73,0,124083,144638
639027,7/30/2017,IL,250/500,1000,817.28,0,124200,104955
640474,1/8/2017,IN,500/1000,2000,1192.04,0,124218,153388
641845,11/11/2015,OH,250/500,500,1865.83,5000000,124193,151708
641934,9/18/2014,OH,500/1000,500,1430.8,0,124075,144344
643226,7/4/2016,OH,250/500,1000,1693.83,7000000,124441,157959
644081,12/28/2015,NC,250/500,2000,1301.13,0,123492,150630
645258,9/14/2016,VA,500/1000,2000,1267.81,5000000,123561,139892
645723,5/5/2015,OH,500/1000,500,1107.07,0,124464,157987
646069,8/6/2016,OH,500/1000,1000,1212.07,0,124357,107349
648397,9/3/2016,SC,100/300,1000,1110.37,10000000,123597,145625
648509,6/3/2017,NC,100/300,2000,897.89,6000000,123658,115973
648852,4/28/2017,IL,100/300,1000,995.55,5000000,124265,129112
649082,9/3/2016,NY,500/1000,1000,1922.84,0,123616,112697
649800,3/5/2016,OH,500/1000,1000,1007.0,0,124467,117485
650026,9/5/2016,NY,500/1000,500,1235.1,0,123690,154214
651861,7/1/2016,SC,100/300,500,1046.58,4000000,123662,102946
651948,3/27/2015,NY,500/1000,1000,1354.5,0,123915,105494
653864,1/9/2018,WV,250/500,2000,1281.07,7000000,123687,130043
654974,10/5/2016,OH,100/300,500,803.36,0,124191,152289
655356,12/11/2016,IL,250/500,500,1339.39,0,124108,121391
655787,12/7/2016,NY,250/500,2000,972.47,0,123784,147067
657045,7/26/2015,NY,250/500,1000,895.83,0,123551,158834
658002,8/9/2015,OH,250/500,2000,1509.04,0,124234,144806
658816,4/22/2016,IN,100/300,1000,1537.33,0,124147,103471
662088,12/23/2014,OH,500/1000,500,1212.75,0,124240,124086
662256,5/31/2015,NY,250/500,1000,1861.43,0,123967,105585
663190,5/2/2018,IL,100/300,500,1564.43,3000000,124497,117961
663938,1/26/2016,IN,100/300,2000,1231.25,0,124055,132080
664732,3/24/2017,IL,500/1000,2000,1396.89,6000000,124373,104773
666333,6/19/2015,WV,100/300,2000,1337.28,8000000,123510,106075
667021,4/27/2016,SC,500/1000,1000,1138.42,6000000,123717,105578
669501,7/29/2016,IN,250/500,500,1270.29,4000000,124392,140851
669800,6/24/2016,OH,250/500,1000,1395.77,0,124210,151911
669809,5/4/2016,OH,100/300,1000,1722.5,0,124491,113110
670142,6/8/2016,IN,100/300,500,1516.34,0,124435,169775
672416,4/14/2018,IN,500/1000,2000,1375.29,0,124350,133270
674485,1/14/2016,OH,500/1000,1000,671.01,7000000,124154,124828
674570,8/12/2015,OH,250/500,1000,1235.14,0,124500,119214
676255,12/28/2016,IN,500/1000,1000,1132.47,4000000,124382,165484
678849,2/22/2016,NC,500/1000,1000,1332.07,0,123645,155698
679370,8/15/2016,NC,500/1000,2000,1318.24,9000000,123569,158274
681486,2/20/2016,IN,500/1000,1000,1347.04,0,124501,122287
682178,5/2/2018,SC,500/1000,2000,1140.31,0,123897,136742
682387,8/3/2015,WV,100/300,2000,1221.22,0,123623,111003
682754,8/23/2015,IL,500/1000,500,1398.94,0,124143,151925
684193,6/10/2017,IL,500/1000,1000,1128.71,0,124270,109057
684653,10/28/2017,OH,250/500,2000,1106.84,0,124338,169943
686522,12/27/2014,IN,100/300,500,1169.62,0,124434,141789
686816,7/12/2016,WV,250/500,2000,1326.44,5000000,123571,123260
687639,9/2/2015,OH,250/500,2000,1181.46,10000000,123921,132353
687698,6/9/2014,WV,100/300,2000,1413.14,5000000,123479,108966
687755,3/28/2014,IL,500/1000,2000,1539.06,0,124168,124800
689034,9/1/2016,OH,500/1000,500,1093.07,4000000,124034,114776
689500,1/28/2017,WV,250/500,2000,1366.9,0,123779,144694
689901,4/28/2016,WV,100/300,2000,1398.46,0,123894,134474
691115,1/28/2017,IN,500/1000,500,1173.21,0,124228,160759
691189,10/5/2017,NY,250/500,2000,1326.62,7000000,123529,129903
694662,2/15/2016,VA,250/500,1000,1234.2,6000000,123562,118962
695117,10/6/2015,IN,100/300,1000,1034.27,0,124371,102008
698470,6/17/2015,IN,100/300,2000,1157.97,0,124177,117695
698589,11/28/2016,IL,500/1000,1000,1188.45,0,124396,162691
699044,12/10/2017,SC,100/300,2000,1266.92,0,123503,105816
700074,6/6/2016,OH,250/500,1000,1622.67,0,124331,106306
701521,5/7/2017,WV,500/1000,2000,1030.95,0,123841,106803
710741,12/9/2015,IL,100/300,500,1106.77,0,124092,100426
713172,8/25/2016,IL,250/500,1000,985.97,5000000,124229,148446
714346,5/10/2015,OH,500/1000,500,1119.29,0,124116,145919
714738,3/21/2015,SC,500/1000,2000,791.47,0,123969,162537
714784,2/4/2018,IN,250/500,1000,1008.79,4000000,124099,149692
714929,10/31/2017,SC,100/300,2000,1018.73,5000000,123789,103947
715202,2/4/2015,OH,250/500,1000,1377.23,0,124264,132101
717044,7/11/2015,OH,500/1000,1000,1653.32,0,124367,124667
717392,7/30/2016,NY,100/300,500,1040.75,0,123606,111010
718428,7/15/2016,VA,250/500,1000,1397.67,0,123612,161991
718829,2/21/2016,OH,250/500,2000,1568.47,4000000,124302,120341
719989,7/25/2014,IL,250/500,2000,566.11,5000000,124178,166135
720356,8/6/2014,OH,100/300,1000,1013.61,6000000,124445,103366
722747,2/9/2016,NY,250/500,500,1482.14,0,123944,131156
724752,5/16/2015,IL,500/1000,500,958.3,0,124446,124597
725330,2/7/2016,IN,100/300,500,1469.75,0,124293,164539
726880,7/23/2014,IN,100/300,1000,1281.72,0,124015,143819
727109,2/20/2015,IN,500/1000,2000,1082.1,0,124416,116932
727443,1/7/2018,OH,100/300,500,922.85,0,124421,118885
727792,5/11/2015,NY,100/300,500,974.59,0,123760,145233
728025,2/15/2014,IN,100/300,500,1935.85,4000000,124300,111829
728491,6/26/2017,OH,500/1000,2000,1615.14,0,124286,156349
728600,8/15/2016,IL,250/500,500,1042.56,0,124450,125178
728839,2/1/2015,OH,500/1000,2000,1524.18,0,124346,101483
729534,9/30/2015,IN,100/300,1000,1216.68,0,124021,165085
729634,5/25/2015,SC,100/300,500,1201.41,0,123532,129476
730819,8/18/2014,IN,250/500,2000,625.08,0,124124,120439
730973,11/1/2017,IN,100/300,2000,1223.39,0,124167,126697
731450,12/20/2017,VA,100/300,1000,1483.25,0,123574,131457
732169,5/11/2014,OH,500/1000,500,1863.04,0,124477,147417
735307,2/6/2017,OH,100/300,500,1532.8,0,123979,126214
735822,2/8/2015,PA,100/300,2000,1371.78,0,123720,135307
735844,8/11/2016,IN,100/300,500,1533.07,0,124091,121412
736771,12/14/2015,WV,100/300,1000,1464.03,0,123869,140921
736882,1/17/2017,NY,100/300,1000,883.31,0,123502,115742
737252,11/18/2017,OH,500/1000,2000,1215.36,0,124361,110254
737483,1/20/2017,IL,250/500,500,1521.55,0,124370,154326
737593,1/11/2017,NY,100/300,500,865.33,7000000,123742,162929
739447,6/22/2015,NY,250/500,500,767.14,0,123694,110674
740019,6/17/2016,SC,250/500,1000,1148.73,0,123579,133690
740384,2/23/2017,NY,500/1000,1000,1454.42,0,123808,161480
740505,9/16/2017,VA,250/500,1000,1242.96,7000000,123712,113362
740518,2/18/2016,SC,500/1000,1000,1377.04,0,123988,113061
743092,11/28/2017,OH,250/500,1000,1325.44,7000000,124035,134908
743163,9/4/2015,SC,500/1000,2000,1217.69,0,123698,101399
743330,4/11/2017,SC,500/1000,1000,1878.44,0,123977,158540
744557,2/25/2016,IN,500/1000,1000,1281.43,0,124414,127110
745200,8/2/2017,NY,500/1000,500,973.8,0,123866,135783
746630,8/2/2017,IN,250/500,500,1054.92,6000000,124443,105963
749325,3/22/2014,IL,500/1000,500,948.1,0,124175,122735
751612,6/22/2016,SC,250/500,1000,1464.73,3000000,123882,137547
751905,5/16/2015,NC,250/500,500,1483.91,8000000,123749,113243
752504,12/30/2017,IN,250/500,1000,1055.09,0,124431,100083
753005,9/11/2015,IL,100/300,2000,1253.44,0,124394,145884
753056,3/5/2015,IN,250/500,500,1363.59,0,124305,127159
753452,5/27/2017,IL,500/1000,2000,1174.14,0,124290,118780
753844,7/22/2016,SC,250/500,1000,1012.78,0,123970,155488
756054,6/6/2016,NC,250/500,1000,1198.15,0,123622,130960
756459,5/15/2015,NY,250/500,500,1326.0,0,123782,115917
756870,8/9/2016,IN,500/1000,500,1135.43,0,124056,161207
756981,2/10/2017,NC,250/500,2000,1117.04,0,123884,161669
757352,12/21/2016,OH,500/1000,1000,1238.92,0,124144,125199
757644,1/29/2015,IN,100/300,2000,988.06,0,124169,164448
758740,10/5/2016,SC,500/1000,1000,1096.79,6000000,123956,100209
760179,1/11/2018,NC,100/300,1000,1427.14,0,123584,101007
760700,6/21/2016,IL,250/500,500,1302.34,0,124274,109911
761189,12/28/2016,NC,100/300,500,1632.93,0,123552,124919
762951,4/12/2017,IN,500/1000,500,1388.62,0,124379,158379
766193,7/31/2016,SC,100/300,2000,1188.28,6000000,123996,169103
769475,4/6/2015,OH,500/1000,2000,1368.57,0,124474,119592
769602,9/13/2014,IL,100/300,1000,1156.19,0,124250,130274
771236,5/28/2015,SC,100/300,500,915.29,0,123794,137239
771509,10/6/2016,IN,500/1000,500,1395.58,0,124347,130204
774303,4/13/2016,OH,100/300,500,1471.24,0,124176,128160
774895,7/4/2016,IL,250/500,1000,840.95,0,124489,155761
776860,11/1/2016,WV,250/500,500,1337.56,0,123591,100930
776950,3/24/2015,IL,500/1000,1000,1060.74,0,124479,111374
777533,12/21/2016,OH,500/1000,1000,1387.51,0,124352,157406
779075,2/27/2017,SC,100/300,1000,1348.32,0,123768,105767
779156,10/10/2017,IL,500/1000,1000,1230.76,0,124119,167703
781181,12/30/2015,NY,100/300,2000,1402.75,0,123639,120712
783494,2/3/2016,OH,100/300,500,1537.07,3000000,124070,110184
786103,8/7/2014,OH,100/300,500,1457.21,0,124269,101602
786432,9/11/2017,IN,100/300,2000,1145.85,0,124257,112116
786957,8/10/2016,NY,100/300,500,1134.91,0,123774,138009
787351,10/8/2014,IL,250/500,2000,1730.49,7000000,124298,157266
788502,7/1/2015,OH,250/500,500,1380.89,0,124043,149314
789208,12/10/2016,PA,250/500,500,1304.35,0,123980,133025
790225,5/1/2015,OH,250/500,500,964.92,0,124198,105676
790442,4/13/2017,NY,250/500,500,538.17,0,123522,109806
791425,12/30/2017,IN,250/500,2000,1585.54,0,124458,161200
792673,7/15/2014,NY,500/1000,2000,1233.96,0,123966,110023
793948,12/20/2014,IL,100/300,2000,1396.43,0,124369,166317
794534,12/14/2015,OH,250/500,2000,1434.27,0,124194,100769
794731,12/12/2016,IN,250/500,1000,973.5,0,124074,153682
794951,4/21/2015,IN,500/1000,500,1285.01,0,124164,146640
795004,3/16/2015,PA,250/500,500,862.92,0,123983,167269
795686,5/7/2015,WV,500/1000,500,1398.51,4000000,123629,164973
795847,4/28/2015,OH,100/300,1000,1441.21,0,123964,167899
796005,4/3/2016,OH,250/500,1000,1274.63,0,124261,102890
796375,10/22/2016,OH,250/500,2000,1202.28,0,124096,163293
797613,10/19/2014,WV,100/300,500,1463.82,0,123581,126382
797634,12/11/2016,OH,500/1000,500,1216.24,0,124182,145821
797636,5/19/2016,IN,100/300,1000,974.84,0,124341,127453
797934,7/4/2016,NY,500/1000,2000,966.26,0,123844,112319
798177,2/3/2017,NY,500/1000,1000,873.64,4000000,123567,137225
798579,12/19/2016,IN,250/500,1000,1114.23,0,124310,157154
799501,12/28/2015,NY,250/500,2000,1315.56,0,123769,161816
801331,8/7/2014,IN,500/1000,1000,1561.41,0,124268,157385
803294,6/18/2017,NY,100/300,1000,1724.09,0,123817,112158
804219,6/24/2015,OH,250/500,1000,1625.65,0,124157,159212
804410,12/12/2015,NY,250/500,1000,1127.89,6000000,123836,150889
804608,12/4/2016,OH,250/500,1000,855.14,0,124301,105221
804751,9/8/2016,OH,250/500,2000,838.02,0,124226,100384
805806,1/16/2018,IN,250/500,1000,1267.4,6000000,124236,148432
806081,1/2/2016,NY,500/1000,1000,1275.81,0,123780,168004
807369,6/19/2016,NC,500/1000,500,1418.5,0,123978,118437
808153,1/18/2017,SC,500/1000,2000,977.4,0,123920,150959
808544,5/2/2015,IL,500/1000,1000,1358.91,0,124133,100524
810189,8/29/2016,VA,250/500,500,1075.41,0,123926,102519
811042,4/7/2018,IN,250/500,1000,978.27,0,124039,112452
812025,6/18/2014,SC,250/500,500,1153.49,0,123743,113173
812989,3/22/2015,NY,250/500,500,1178.95,6000000,123937,111745
815883,2/7/2015,OH,250/500,2000,1305.26,0,124386,164833
818167,8/25/2016,NC,500/1000,2000,653.66,0,123754,156951
818413,2/23/2014,NY,500/1000,1000,1377.94,0,123820,100048
824116,5/5/2015,IL,250/500,2000,1687.53,0,124312,107615
824540,3/13/2015,NY,250/500,2000,1053.24,0,123605,136826
824728,9/23/2014,IL,250/500,500,1161.03,5000000,124135,131758
828890,10/20/2017,NC,100/300,2000,1367.68,0,123675,142048
830414,1/16/2016,SC,500/1000,500,1310.76,0,123772,117947
830729,4/8/2017,SC,100/300,1000,1538.6,0,123914,133256
830878,5/20/2017,IN,250/500,1000,1151.39,4000000,124103,163384
831053,5/8/2016,IN,250/500,1000,1202.75,0,124109,137043
831479,4/6/2014,IL,100/300,2000,987.42,7000000,124115,134488
831668,10/5/2016,OH,250/500,2000,1655.79,0,124216,130386
832300,4/6/2016,IN,100/300,1000,709.14,0,124106,115427
832746,1/8/2017,WV,500/1000,1000,994.74,0,123854,154921
833321,1/3/2017,IN,250/500,500,1405.71,0,124319,147585
836272,9/13/2016,WV,100/300,500,1280.9,0,123975,106705
836349,1/5/2018,IL,500/1000,2000,1453.61,4000000,124494,111241
839884,9/30/2016,VA,100/300,500,1693.63,0,123714,120929
840225,5/10/2016,OH,100/300,1000,1041.36,0,124440,150567
840806,1/16/2018,IN,500/1000,2000,1570.77,0,124027,110156
842618,6/11/2015,NY,100/300,2000,1346.18,0,123756,127250
842643,10/15/2017,SC,500/1000,500,1215.36,3000000,123489,106320
843227,9/7/2017,NY,250/500,2000,1443.32,0,123746,101945
844007,1/23/2016,IN,500/1000,2000,1827.38,0,124433,109197
844062,5/25/2014,OH,250/500,500,862.19,0,124475,122749
844117,8/21/2015,OH,250/500,2000,1144.3,0,124413,118857
844129,9/20/2014,OH,250/500,500,871.46,0,124476,164721
845751,9/23/2014,IN,100/300,500,1533.71,9000000,124481,147221
847123,11/19/2015,WV,100/300,500,1442.27,0,123924,137596
852002,6/29/2016,IL,250/500,1000,1292.3,0,124032,105970
853360,6/26/2016,SC,500/1000,1000,1074.07,0,123590,156216
854021,1/6/2017,WV,100/300,500,1203.24,0,123642,129714
855186,10/31/2017,VA,500/1000,2000,1255.68,6000000,123935,114216
856153,9/7/2016,OH,500/1000,500,1255.02,0,124120,121804
858060,5/26/2015,NY,250/500,2000,1209.07,0,123874,140858
860497,10/4/2016,OH,500/1000,1000,1286.44,0,123804,119438
863236,9/20/2014,NY,100/300,2000,1322.1,0,123504,111682
863749,5/12/2016,IN,250/500,500,1265.84,0,124336,104003
865201,10/19/2015,OH,100/300,2000,1140.15,0,124296,106530
865607,1/27/2017,IN,250/500,1000,1562.8,0,124284,116645
865839,2/8/2015,SC,500/1000,1000,1371.88,0,123823,108910
866805,9/13/2015,OH,250/500,500,1082.36,0,124332,100545
866931,7/1/2015,WV,500/1000,1000,1123.87,8000000,123527,149223
868031,6/24/2014,OH,250/500,2000,912.29,0,124412,116659
868283,12/16/2016,NY,250/500,1000,1086.21,0,123674,110478
871305,2/14/2016,IL,500/1000,2000,1537.13,0,124314,150560
871432,5/9/2015,IL,250/500,2000,1472.43,0,124030,142755
872734,5/19/2014,WV,100/300,2000,1003.23,0,123710,154627
872814,6/13/2016,WV,100/300,500,1141.62,0,123586,130162
873114,1/5/2016,SC,100/300,1000,1251.65,0,123758,118640
873384,10/31/2014,IL,250/500,2000,1234.69,9000000,124197,164959
873859,10/14/2016,OH,250/500,1000,802.24,0,123877,126956
876680,10/5/2017,NC,100/300,1000,1118.58,0,123883,100454
876699,12/12/2016,OH,250/500,1000,1099.95,0,124029,144855
876714,3/11/2015,VA,100/300,2000,1603.42,0,123809,117135
882920,12/3/2016,WV,500/1000,1000,1215.85,0,123676,125388
883980,7/5/2015,SC,100/300,500,1203.17,0,123845,126046
884180,2/16/2016,IL,500/1000,500,1143.46,4000000,124384,161193
884365,1/13/2018,IN,100/300,1000,1423.34,0,124241,112389
885789,7/21/2015,IN,250/500,1000,1393.34,0,124185,148474
886473,10/3/2015,OH,500/1000,2000,1422.56,7000000,124317,122882
889003,5/6/2017,OH,250/500,1000,1328.26,0,124453,102834
889764,3/21/2017,OH,500/1000,1000,1200.09,0,124482,131905
889883,3/2/2016,VA,250/500,1000,1665.45,0,123753,137099
890026,5/16/2015,VA,100/300,500,1090.03,0,123881,156083
890280,1/24/2017,OH,100/300,2000,1307.68,0,124129,122567
890328,8/23/2016,SC,100/300,2000,1347.92,0,123816,138527
892148,3/27/2016,IN,500/1000,500,1359.36,5000000,124245,150245
892874,10/19/2016,WV,100/300,2000,1131.4,0,123493,107727
893853,2/27/2018,IL,250/500,500,991.39,0,124111,126179
896890,7/20/2016,NY,250/500,2000,1042.26,0,123689,115756
898519,5/21/2014,OH,250/500,1000,954.18,0,124363,146024
898573,7/8/2016,WV,500/1000,1000,1728.56,0,123725,145142
900628,10/22/2016,SC,500/1000,1000,1690.27,0,123577,124303
901083,1/19/2015,SC,500/1000,1000,1269.64,0,123895,149020
903203,3/1/2018,SC,500/1000,2000,814.96,6000000,123928,165218
903785,8/24/2014,SC,500/1000,500,1757.21,0,123876,102071
904191,7/14/2017,NY,250/500,500,1158.03,0,123635,137946
907012,8/19/2016,OH,500/1000,2000,1246.68,0,124330,139857
907113,9/11/2016,IL,500/1000,2000,1143.06,0,124318,101497
908616,2/18/2014,NC,250/500,1000,954.16,0,123509,119823
908935,11/12/2016,IL,500/1000,1000,1361.45,0,124486,111150
910365,12/19/2015,IN,250/500,1000,828.42,3000000,124306,161809
910604,4/14/2016,IN,250/500,500,1362.31,0,124262,158554
910622,3/22/2016,NY,100/300,500,1175.51,0,123947,102414
911429,1/31/2017,IN,250/500,500,989.24,0,124084,168620
912665,3/13/2016,IL,100/300,2000,1133.27,0,124125,128258
913337,10/2/2015,OH,500/1000,500,912.3,0,124148,136672
913464,1/21/2016,IN,500/1000,2000,1341.24,0,124429,157623
914088,8/2/2014,NY,100/300,2000,1291.7,0,123506,164175
914815,9/27/2014,SC,100/300,500,1706.79,0,123659,101798
918037,12/12/2015,WV,250/500,1000,1390.29,0,123972,126445
918516,2/17/2017,OH,250/500,500,1383.49,3000000,124504,129168
918629,3/10/2014,WV,250/500,2000,1322.78,0,123573,102281
918777,4/4/2017,OH,250/500,2000,1191.19,4000000,123678,155705
919875,6/29/2016,IN,100/300,2000,1118.76,0,124058,113621
920554,3/25/2015,IN,500/1000,1000,1231.01,0,124291,108560
920826,7/11/2015,IN,250/500,2000,1586.41,0,124023,159338
921202,7/1/2015,NY,500/1000,500,1374.22,0,123496,120999
921851,7/12/2016,IN,100/300,1000,1328.18,0,124280,132234
922167,2/23/2017,SC,100/300,1000,1141.35,7000000,123667,155208
922565,5/23/2016,NY,250/500,500,1124.6,0,123653,130792
922937,11/12/2016,IN,250/500,1000,935.77,0,124217,100468
924318,7/7/2015,IL,250/500,2000,1137.02,0,124014,110016
925128,6/28/2015,SC,100/300,2000,1409.06,0,123999,110667
926665,4/2/2016,WV,250/500,2000,1101.51,0,123903,158638
927205,12/16/2016,IL,250/500,500,1039.55,0,124107,134425
927354,9/15/2014,IN,100/300,500,1459.5,0,124399,117345
929306,6/3/2017,IN,100/300,500,1093.83,4000000,124483,166128
930032,10/9/2016,NC,100/300,2000,1117.42,0,123960,144939
931625,10/18/2017,SC,250/500,500,1366.42,0,123796,146563
931901,12/10/2014,OH,100/300,1000,1433.42,6000000,124473,112669
932097,1/12/2016,WV,100/300,1000,1242.02,0,123888,152534
932502,11/5/2017,NC,100/300,1000,1439.34,0,123619,142545
933293,3/2/2017,VA,500/1000,2000,1222.48,0,123516,139451
935277,3/8/2018,NC,500/1000,500,1348.83,0,123621,144253
935442,11/20/2017,WV,250/500,500,1365.46,4000000,123826,142335
935596,1/5/2016,WV,500/1000,1000,1711.72,0,123741,103849
936543,6/26/2015,VA,500/1000,500,1412.31,0,123909,143602
936638,4/28/2016,NY,250/500,2000,1459.93,0,123891,125612
938634,8/30/2017,IL,100/300,500,1427.46,0,124259,105172
939631,3/18/2014,SC,500/1000,2000,1273.7,4000000,123526,157833
939905,9/4/2017,NY,500/1000,500,1495.1,0,123585,146262
940942,11/7/2015,WV,250/500,2000,1649.18,0,123706,100790
941807,6/25/2016,OH,100/300,500,1219.94,7000000,124160,130407
941851,7/16/2015,OH,500/1000,1000,1310.8,0,124502,104493
942106,8/30/2017,OH,250/500,2000,1767.02,0,124163,136329
942504,6/16/2017,VA,500/1000,2000,1035.79,0,123751,145576
943425,10/28/2016,OH,250/500,2000,1221.41,0,124192,104794
944102,7/21/2016,NY,100/300,2000,1462.76,0,123893,133851
944537,7/23/2016,OH,500/1000,1000,1074.47,0,124118,160773
944953,2/9/2015,OH,250/500,1000,1540.91,7000000,124171,120768
947598,6/20/2016,IN,100/300,1000,1114.29,0,124232,109946
950542,4/27/2016,OH,250/500,500,911.53,0,124403,158512
950880,12/19/2015,IN,250/500,500,999.52,0,124042,136567
951543,9/7/2016,VA,250/500,2000,1616.58,0,123810,131534
951863,8/8/2017,OH,250/500,1000,1270.55,0,124333,123491
952300,2/8/2016,OH,500/1000,1000,1439.9,6000000,124127,142762
953334,11/25/2015,IN,100/300,1000,1178.61,7000000,124353,139094
954191,2/17/2017,SC,500/1000,1000,1403.9,0,123861,124653
955953,1/9/2016,NY,500/1000,2000,1353.33,0,123946,119305
957816,4/3/2017,IL,500/1000,2000,1193.4,0,124364,129686
958785,3/20/2016,WV,100/300,500,1216.56,0,123843,133333
958857,1/15/2016,SC,100/300,1000,1226.83,0,123570,105018
960680,9/28/2014,OH,250/500,2000,1318.06,0,123563,100853
961496,5/1/2016,IL,250/500,500,1123.84,0,124225,103611
962591,3/16/2015,SC,250/500,2000,1241.97,0,123652,134481
963285,4/6/2017,IN,100/300,1000,1425.79,0,124285,115819
963680,4/1/2017,VA,500/1000,1000,1474.66,0,124003,161263
963761,4/13/2015,OH,500/1000,500,1459.99,0,124393,103373
964657,7/17/2017,NY,250/500,2000,1277.25,0,123618,111451
965187,3/26/2014,OH,250/500,500,1257.04,0,124344,125136
965768,5/3/2016,WV,250/500,1000,1302.4,6000000,123607,145366
967713,4/16/2017,IL,250/500,500,809.11,0,124437,151141
967756,5/4/2016,SC,250/500,2000,1388.58,0,123771,138611
970607,3/6/2016,WV,250/500,1000,1019.44,0,123702,144666
971295,1/10/2015,SC,500/1000,500,1434.51,0,123907,165148
971338,4/11/2018,NY,100/300,1000,1570.86,0,123968,117639
973546,12/21/2017,OH,500/1000,500,1493.5,5000000,124254,111507
974522,1/27/2014,IN,250/500,1000,1503.21,0,124490,145905
976645,2/28/2017,NY,100/300,500,1047.06,6000000,123971,124891
976908,12/31/2017,IL,250/500,500,900.02,6000000,124065,130946
976971,4/19/2016,NY,250/500,500,1734.09,0,123681,152275
979285,2/24/2017,SC,250/500,2000,1313.51,7000000,123856,154620
979336,4/3/2015,IL,500/1000,500,1694.09,7000000,124295,101049
979544,12/5/2015,IL,100/300,500,1354.83,0,124113,141397
979963,3/6/2016,IN,100/300,500,982.22,0,124375,139465
981123,4/5/2014,NY,100/300,1000,1059.52,0,123594,131926
982678,6/15/2016,OH,250/500,500,1452.27,0,124356,135622
982871,6/26/2017,VA,250/500,500,1262.08,0,123518,119662
984456,6/24/2017,IN,500/1000,500,484.67,0,124267,165029
984948,4/14/2017,SC,500/1000,2000,995.56,0,123815,142027
985436,9/8/2017,WV,250/500,500,1495.06,0,123647,123344
985446,11/10/2017,OH,250/500,2000,1896.91,0,124383,132612
985924,10/28/2015,SC,250/500,500,972.5,0,123900,148488
987524,10/23/2015,IL,250/500,500,1381.14,0,124426,147578
987905,4/30/2016,WV,250/500,2000,1407.01,5000000,123770,121223
990493,1/13/2015,SC,500/1000,500,1415.68,0,123513,118038
990624,4/27/2018,IN,250/500,1000,1569.33,0,124244,107181
990998,5/9/2016,IN,100/300,1000,1556.31,0,124355,116715
991480,9/12/2016,IN,100/300,2000,1373.21,0,124156,124485
991553,12/12/2015,OH,250/500,500,920.81,0,124420,112039
992145,1/3/2017,WV,100/300,2000,1075.18,5000000,123576,107720
993840,4/6/2018,WV,250/500,500,1793.16,0,123938,148250
994538,1/11/2015,NY,100/300,2000,1083.01,0,123759,132906
996253,11/29/2015,SC,500/1000,500,951.46,0,123973,111199
996850,8/21/2015,OH,100/300,1000,1397.0,0,124101,124268
998192,10/3/2015,IL,100/300,500,1433.24,0,124054,104430
998865,1/4/2016,IL,500/1000,1000,1740.57,0,124170,122700
999435,1/1/2015,NY,250/500,2000,1091.73,0,123873,149370
